0,1,2,3,4,5,6,7
2012020,220,A,USD,"4,0207","4,0213","1,0000","1,0000"
3012020,220,A,USD,"4,0516","4,0522","1,0000","1,0000"
6012020,220,A,USD,"4,0548","4,0554","1,0000","1,0000"
7012020,220,A,USD,"4,0835","4,0841","1,0000","1,0000"
8012020,220,A,USD,"4,0666","4,0672","1,0000","1,0000"
9012020,220,A,USD,"4,0738","4,0744","1,0000","1,0000"
10012020,220,A,USD,"4,0739","4,0745","1,0000","1,0000"
13012020,220,A,USD,"4,1303","4,1309","1,0000","1,0000"
14012020,220,A,USD,"4,1437","4,1443","1,0000","1,0000"
15012020,220,A,USD,"4,1616","4,1622","1,0000","1,0000"
16012020,220,A,USD,"4,1720","4,1726","1,0000","1,0000"
17012020,220,A,USD,"4,1831","4,1837","1,0000","1,0000"
20012020,220,A,USD,"4,1823","4,1829","1,0000","1,0000"
21012020,220,A,USD,"4,2008","4,2014","1,0000","1,0000"
22012020,220,A,USD,"4,1883","4,1889","1,0000","1,0000"
23012020,220,A,USD,"4,1656","4,1662","1,0000","1,0000"
24012020,220,A,USD,"4,1763","4,1769","1,0000","1,0000"
27012020,220,A,USD,"4,2190","4,2196","1,0000","1,0000"
28012020,220,A,USD,"4,2058","4,2064","1,0000","1,0000"
29012020,220,A,USD,"4,2007","4,2013","1,0000","1,0000"
30012020,220,A,USD,"4,2517","4,2523","1,0000","1,0000"
31012020,220,A,USD,"4,2689","4,2695","1,0000","1,0000"
3022020,220,A,USD,"4,2469","4,2475","1,0000","1,0000"
4022020,220,A,USD,"4,2375","4,2381","1,0000","1,0000"
5022020,220,A,USD,"4,2443","4,2449","1,0000","1,0000"
6022020,220,A,USD,"4,2471","4,2477","1,0000","1,0000"
7022020,220,A,USD,"4,3070","4,3076","1,0000","1,0000"
10022020,220,A,USD,"4,3189","4,3195","1,0000","1,0000"
11022020,220,A,USD,"4,3142","4,3148","1,0000","1,0000"
12022020,220,A,USD,"4,3360","4,3366","1,0000","1,0000"
13022020,220,A,USD,"4,3383","4,3389","1,0000","1,0000"
14022020,220,A,USD,"4,3157","4,3163","1,0000","1,0000"
17022020,220,A,USD,"4,3151","4,3157","1,0000","1,0000"
18022020,220,A,USD,"4,3465","4,3471","1,0000","1,0000"
19022020,220,A,USD,"4,3722","4,3728","1,0000","1,0000"
20022020,220,A,USD,"4,3867","4,3873","1,0000","1,0000"
21022020,220,A,USD,"4,3918","4,3924","1,0000","1,0000"
26022020,220,A,USD,"4,4353","4,4359","1,0000","1,0000"
27022020,220,A,USD,"4,4758","4,4764","1,0000","1,0000"
28022020,220,A,USD,"4,4981","4,4987","1,0000","1,0000"
2032020,220,A,USD,"4,4940","4,4946","1,0000","1,0000"
3032020,220,A,USD,"4,4877","4,4883","1,0000","1,0000"
4032020,220,A,USD,"4,5252","4,5258","1,0000","1,0000"
5032020,220,A,USD,"4,6201","4,6207","1,0000","1,0000"
6032020,220,A,USD,"4,6453","4,6459","1,0000","1,0000"
9032020,220,A,USD,"4,7373","4,7379","1,0000","1,0000"
10032020,220,A,USD,"4,6687","4,6693","1,0000","1,0000"
11032020,220,A,USD,"4,6732","4,6738","1,0000","1,0000"
12032020,220,A,USD,"4,8825","4,8833","1,0000","1,0000"
13032020,220,A,USD,"4,7355","4,7362","1,0000","1,0000"
16032020,220,A,USD,"4,9464","4,9471","1,0000","1,0000"
17032020,220,A,USD,"5,0489","5,0496","1,0000","1,0000"
18032020,220,A,USD,"5,1101","5,1107","1,0000","1,0000"
19032020,220,A,USD,"5,1437","5,1444","1,0000","1,0000"
20032020,220,A,USD,"5,0241","5,0248","1,0000","1,0000"
23032020,220,A,USD,"5,0798","5,0805","1,0000","1,0000"
24032020,220,A,USD,"5,0707","5,0713","1,0000","1,0000"
25032020,220,A,USD,"5,0700","5,0706","1,0000","1,0000"
26032020,220,A,USD,"5,0004","5,0010","1,0000","1,0000"
27032020,220,A,USD,"5,1103","5,1109","1,0000","1,0000"
30032020,220,A,USD,"5,1588","5,1594","1,0000","1,0000"
31032020,220,A,USD,"5,1981","5,1987","1,0000","1,0000"
1042020,220,A,USD,"5,2399","5,2404","1,0000","1,0000"
2042020,220,A,USD,"5,2645","5,2651","1,0000","1,0000"
3042020,220,A,USD,"5,2991","5,2997","1,0000","1,0000"
6042020,220,A,USD,"5,2465","5,2471","1,0000","1,0000"
7042020,220,A,USD,"5,2211","5,2217","1,0000","1,0000"
8042020,220,A,USD,"5,2117","5,2123","1,0000","1,0000"
9042020,220,A,USD,"5,0773","5,0779","1,0000","1,0000"
13042020,220,A,USD,"5,1818","5,1824","1,0000","1,0000"
14042020,220,A,USD,"5,1852","5,1858","1,0000","1,0000"
15042020,220,A,USD,"5,2573","5,2579","1,0000","1,0000"
16042020,220,A,USD,"5,2371","5,2377","1,0000","1,0000"
17042020,220,A,USD,"5,2567","5,2573","1,0000","1,0000"
20042020,220,A,USD,"5,2831","5,2837","1,0000","1,0000"
22042020,220,A,USD,"5,3841","5,3847","1,0000","1,0000"
23042020,220,A,USD,"5,4461","5,4467","1,0000","1,0000"
24042020,220,A,USD,"5,6504","5,6510","1,0000","1,0000"
27042020,220,A,USD,"5,6352","5,6358","1,0000","1,0000"
28042020,220,A,USD,"5,5677","5,5683","1,0000","1,0000"
29042020,220,A,USD,"5,4285","5,4291","1,0000","1,0000"
30042020,220,A,USD,"5,4264","5,4270","1,0000","1,0000"
4052020,220,A,USD,"5,5811","5,5816","1,0000","1,0000"
5052020,220,A,USD,"5,5348","5,5354","1,0000","1,0000"
6052020,220,A,USD,"5,6670","5,6676","1,0000","1,0000"
7052020,220,A,USD,"5,8359","5,8365","1,0000","1,0000"
8052020,220,A,USD,"5,7647","5,7653","1,0000","1,0000"
11052020,220,A,USD,"5,7948","5,7954","1,0000","1,0000"
12052020,220,A,USD,"5,7717","5,7723","1,0000","1,0000"
13052020,220,A,USD,"5,9016","5,9022","1,0000","1,0000"
14052020,220,A,USD,"5,9366","5,9372","1,0000","1,0000"
15052020,220,A,USD,"5,8223","5,8229","1,0000","1,0000"
18052020,220,A,USD,"5,7369","5,7375","1,0000","1,0000"
19052020,220,A,USD,"5,7210","5,7216","1,0000","1,0000"
20052020,220,A,USD,"5,6962","5,6968","1,0000","1,0000"
21052020,220,A,USD,"5,6013","5,6019","1,0000","1,0000"
22052020,220,A,USD,"5,5802","5,5808","1,0000","1,0000"
25052020,220,A,USD,"5,4766","5,4772","1,0000","1,0000"
26052020,220,A,USD,"5,3701","5,3707","1,0000","1,0000"
27052020,220,A,USD,"5,2986","5,2992","1,0000","1,0000"
28052020,220,A,USD,"5,3399","5,3405","1,0000","1,0000"
29052020,220,A,USD,"5,4257","5,4263","1,0000","1,0000"
1062020,220,A,USD,"5,3633","5,3639","1,0000","1,0000"
2062020,220,A,USD,"5,2595","5,2601","1,0000","1,0000"
3062020,220,A,USD,"5,0510","5,0516","1,0000","1,0000"
4062020,220,A,USD,"5,1035","5,1041","1,0000","1,0000"
5062020,220,A,USD,"4,9769","4,9775","1,0000","1,0000"
8062020,220,A,USD,"4,9325","4,9331","1,0000","1,0000"
9062020,220,A,USD,"4,9051","4,9057","1,0000","1,0000"
10062020,220,A,USD,"4,8888","4,8894","1,0000","1,0000"
12062020,220,A,USD,"5,0367","5,0373","1,0000","1,0000"
15062020,220,A,USD,"5,1877","5,1883","1,0000","1,0000"
16062020,220,A,USD,"5,1279","5,1285","1,0000","1,0000"
17062020,220,A,USD,"5,2492","5,2499","1,0000","1,0000"
18062020,220,A,USD,"5,3462","5,3468","1,0000","1,0000"
19062020,220,A,USD,"5,3460","5,3466","1,0000","1,0000"
22062020,220,A,USD,"5,2220","5,2226","1,0000","1,0000"
23062020,220,A,USD,"5,1699","5,1705","1,0000","1,0000"
24062020,220,A,USD,"5,2429","5,2435","1,0000","1,0000"
25062020,220,A,USD,"5,3281","5,3287","1,0000","1,0000"
26062020,220,A,USD,"5,4623","5,4629","1,0000","1,0000"
29062020,220,A,USD,"5,4410","5,4416","1,0000","1,0000"
30062020,220,A,USD,"5,4754","5,4760","1,0000","1,0000"
1072020,220,A,USD,"5,3646","5,3651","1,0000","1,0000"
4012021,220,A,USD,"5,1620","5,1626","1,0000","1,0000"
5012021,220,A,USD,"5,3263","5,3269","1,0000","1,0000"
6012021,220,A,USD,"5,3176","5,3182","1,0000","1,0000"
7012021,220,A,USD,"5,3427","5,3433","1,0000","1,0000"
8012021,220,A,USD,"5,3677","5,3683","1,0000","1,0000"
11012021,220,A,USD,"5,4960","5,4966","1,0000","1,0000"
12012021,220,A,USD,"5,4631","5,4637","1,0000","1,0000"
13012021,220,A,USD,"5,3064","5,3070","1,0000","1,0000"
14012021,220,A,USD,"5,2611","5,2617","1,0000","1,0000"
15012021,220,A,USD,"5,2708","5,2714","1,0000","1,0000"
18012021,220,A,USD,"5,2782","5,2788","1,0000","1,0000"
19012021,220,A,USD,"5,2939","5,2945","1,0000","1,0000"
20012021,220,A,USD,"5,3027","5,3033","1,0000","1,0000"
21012021,220,A,USD,"5,3160","5,3166","1,0000","1,0000"
22012021,220,A,USD,"5,4295","5,4301","1,0000","1,0000"
25012021,220,A,USD,"5,5074","5,5089","1,0000","1,0000"
26012021,220,A,USD,"5,3859","5,3865","1,0000","1,0000"
27012021,220,A,USD,"5,3818","5,3824","1,0000","1,0000"
28012021,220,A,USD,"5,4276","5,4282","1,0000","1,0000"
29012021,220,A,USD,"5,4753","5,4759","1,0000","1,0000"
1022021,220,A,USD,"5,4602","5,4608","1,0000","1,0000"
2022021,220,A,USD,"5,3869","5,3875","1,0000","1,0000"
3022021,220,A,USD,"5,3417","5,3423","1,0000","1,0000"
4022021,220,A,USD,"5,3904","5,3910","1,0000","1,0000"
5022021,220,A,USD,"5,3878","5,3884","1,0000","1,0000"
8022021,220,A,USD,"5,3664","5,3670","1,0000","1,0000"
9022021,220,A,USD,"5,4210","5,4216","1,0000","1,0000"
10022021,220,A,USD,"5,4018","5,4024","1,0000","1,0000"
11022021,220,A,USD,"5,3620","5,3626","1,0000","1,0000"
12022021,220,A,USD,"5,3809","5,3815","1,0000","1,0000"
17022021,220,A,USD,"5,4132","5,4138","1,0000","1,0000"
18022021,220,A,USD,"5,4232","5,4238","1,0000","1,0000"
19022021,220,A,USD,"5,3918","5,3924","1,0000","1,0000"
22022021,220,A,USD,"5,5038","5,5044","1,0000","1,0000"
23022021,220,A,USD,"5,4484","5,4490","1,0000","1,0000"
24022021,220,A,USD,"5,4176","5,4182","1,0000","1,0000"
25022021,220,A,USD,"5,4594","5,4600","1,0000","1,0000"
26022021,220,A,USD,"5,5296","5,5302","1,0000","1,0000"
1032021,220,A,USD,"5,5826","5,5832","1,0000","1,0000"
2032021,220,A,USD,"5,6838","5,6844","1,0000","1,0000"
3032021,220,A,USD,"5,7336","5,7342","1,0000","1,0000"
4032021,220,A,USD,"5,6002","5,6008","1,0000","1,0000"
5032021,220,A,USD,"5,6864","5,6870","1,0000","1,0000"
8032021,220,A,USD,"5,7337","5,7343","1,0000","1,0000"
9032021,220,A,USD,"5,8391","5,8397","1,0000","1,0000"
10032021,220,A,USD,"5,7443","5,7449","1,0000","1,0000"
11032021,220,A,USD,"5,5884","5,5890","1,0000","1,0000"
12032021,220,A,USD,"5,5634","5,5640","1,0000","1,0000"
15032021,220,A,USD,"5,6290","5,6296","1,0000","1,0000"
16032021,220,A,USD,"5,5845","5,5851","1,0000","1,0000"
17032021,220,A,USD,"5,6573","5,6579","1,0000","1,0000"
18032021,220,A,USD,"5,5468","5,5474","1,0000","1,0000"
19032021,220,A,USD,"5,5076","5,5082","1,0000","1,0000"
22032021,220,A,USD,"5,5263","5,5269","1,0000","1,0000"
23032021,220,A,USD,"5,4945","5,4951","1,0000","1,0000"
24032021,220,A,USD,"5,5324","5,5330","1,0000","1,0000"
25032021,220,A,USD,"5,6579","5,6585","1,0000","1,0000"
26032021,220,A,USD,"5,7036","5,7042","1,0000","1,0000"
29032021,220,A,USD,"5,7919","5,7925","1,0000","1,0000"
30032021,220,A,USD,"5,7636","5,7642","1,0000","1,0000"
31032021,220,A,USD,"5,6967","5,6973","1,0000","1,0000"
1042021,220,A,USD,"5,6843","5,6849","1,0000","1,0000"
5042021,220,A,USD,"5,6573","5,6579","1,0000","1,0000"
6042021,220,A,USD,"5,6257","5,6263","1,0000","1,0000"
7042021,220,A,USD,"5,5858","5,5864","1,0000","1,0000"
8042021,220,A,USD,"5,5811","5,5817","1,0000","1,0000"
9042021,220,A,USD,"5,6439","5,6445","1,0000","1,0000"
12042021,220,A,USD,"5,6576","5,6582","1,0000","1,0000"
13042021,220,A,USD,"5,7058","5,7064","1,0000","1,0000"
14042021,220,A,USD,"5,6930","5,6936","1,0000","1,0000"
15042021,220,A,USD,"5,6228","5,6234","1,0000","1,0000"
16042021,220,A,USD,"5,6322","5,6328","1,0000","1,0000"
19042021,220,A,USD,"5,5744","5,5750","1,0000","1,0000"
20042021,220,A,USD,"5,5260","5,5266","1,0000","1,0000"
22042021,220,A,USD,"5,4964","5,4970","1,0000","1,0000"
23042021,220,A,USD,"5,4781","5,4787","1,0000","1,0000"
26042021,220,A,USD,"5,4560","5,4566","1,0000","1,0000"
27042021,220,A,USD,"5,4418","5,4424","1,0000","1,0000"
28042021,220,A,USD,"5,3999","5,4005","1,0000","1,0000"
29042021,220,A,USD,"5,3656","5,3662","1,0000","1,0000"
30042021,220,A,USD,"5,4030","5,4036","1,0000","1,0000"
3052021,220,A,USD,"5,4081","5,4087","1,0000","1,0000"
4052021,220,A,USD,"5,4499","5,4505","1,0000","1,0000"
5052021,220,A,USD,"5,3866","5,3872","1,0000","1,0000"
6052021,220,A,USD,"5,2891","5,2897","1,0000","1,0000"
7052021,220,A,USD,"5,2211","5,2217","1,0000","1,0000"
10052021,220,A,USD,"5,2221","5,2227","1,0000","1,0000"
11052021,220,A,USD,"5,2397","5,2403","1,0000","1,0000"
12052021,220,A,USD,"5,2347","5,2353","1,0000","1,0000"
13052021,220,A,USD,"5,2809","5,2815","1,0000","1,0000"
14052021,220,A,USD,"5,2695","5,2701","1,0000","1,0000"
17052021,220,A,USD,"5,2749","5,2755","1,0000","1,0000"
18052021,220,A,USD,"5,2582","5,2588","1,0000","1,0000"
19052021,220,A,USD,"5,2816","5,2822","1,0000","1,0000"
20052021,220,A,USD,"5,2899","5,2905","1,0000","1,0000"
21052021,220,A,USD,"5,3021","5,3027","1,0000","1,0000"
24052021,220,A,USD,"5,3192","5,3198","1,0000","1,0000"
25052021,220,A,USD,"5,3137","5,3143","1,0000","1,0000"
26052021,220,A,USD,"5,3158","5,3164","1,0000","1,0000"
27052021,220,A,USD,"5,2833","5,2840","1,0000","1,0000"
28052021,220,A,USD,"5,2274","5,2281","1,0000","1,0000"
31052021,220,A,USD,"5,2316","5,2322","1,0000","1,0000"
1062021,220,A,USD,"5,1630","5,1636","1,0000","1,0000"
2062021,220,A,USD,"5,1140","5,1147","1,0000","1,0000"
4062021,220,A,USD,"5,0661","5,0666","1,0000","1,0000"
7062021,220,A,USD,"5,0492","5,0498","1,0000","1,0000"
8062021,220,A,USD,"5,0483","5,0489","1,0000","1,0000"
9062021,220,A,USD,"5,0527","5,0533","1,0000","1,0000"
10062021,220,A,USD,"5,0629","5,0635","1,0000","1,0000"
11062021,220,A,USD,"5,1184","5,1190","1,0000","1,0000"
14062021,220,A,USD,"5,0701","5,0707","1,0000","1,0000"
15062021,220,A,USD,"5,0868","5,0874","1,0000","1,0000"
16062021,220,A,USD,"5,0201","5,0207","1,0000","1,0000"
17062021,220,A,USD,"5,0353","5,0359","1,0000","1,0000"
18062021,220,A,USD,"5,0308","5,0314","1,0000","1,0000"
21062021,220,A,USD,"5,0367","5,0373","1,0000","1,0000"
22062021,220,A,USD,"5,0172","5,0178","1,0000","1,0000"
23062021,220,A,USD,"4,9513","4,9519","1,0000","1,0000"
24062021,220,A,USD,"4,9271","4,9277","1,0000","1,0000"
25062021,220,A,USD,"4,9200","4,9206","1,0000","1,0000"
28062021,220,A,USD,"4,9414","4,9420","1,0000","1,0000"
29062021,220,A,USD,"4,9444","4,9450","1,0000","1,0000"
30062021,220,A,USD,"5,0016","5,0022","1,0000","1,0000"
1072021,220,A,USD,"5,0049","5,0055","1,0000","1,0000"
3012022,220,A,USD,"5,6303","5,6309","1,0000","1,0000"
4012022,220,A,USD,"5,6770","5,6776","1,0000","1,0000"
5012022,220,A,USD,"5,6622","5,6628","1,0000","1,0000"
6012022,220,A,USD,"5,7036","5,7042","1,0000","1,0000"
7012022,220,A,USD,"5,6747","5,6753","1,0000","1,0000"
10012022,220,A,USD,"5,6730","5,6736","1,0000","1,0000"
11012022,220,A,USD,"5,6345","5,6351","1,0000","1,0000"
12012022,220,A,USD,"5,5605","5,5611","1,0000","1,0000"
13012022,220,A,USD,"5,5240","5,5246","1,0000","1,0000"
14012022,220,A,USD,"5,5343","5,5349","1,0000","1,0000"
17012022,220,A,USD,"5,5052","5,5058","1,0000","1,0000"
18012022,220,A,USD,"5,5207","5,5213","1,0000","1,0000"
19012022,220,A,USD,"5,4972","5,4978","1,0000","1,0000"
20012022,220,A,USD,"5,4160","5,4166","1,0000","1,0000"
21012022,220,A,USD,"5,4395","5,4401","1,0000","1,0000"
24012022,220,A,USD,"5,4904","5,4910","1,0000","1,0000"
25012022,220,A,USD,"5,4965","5,4971","1,0000","1,0000"
26012022,220,A,USD,"5,4318","5,4324","1,0000","1,0000"
27012022,220,A,USD,"5,3806","5,3812","1,0000","1,0000"
28012022,220,A,USD,"5,3948","5,3954","1,0000","1,0000"
31012022,220,A,USD,"5,3568","5,3574","1,0000","1,0000"
1022022,220,A,USD,"5,2804","5,2810","1,0000","1,0000"
2022022,220,A,USD,"5,2950","5,2956","1,0000","1,0000"
3022022,220,A,USD,"5,3019","5,3025","1,0000","1,0000"
4022022,220,A,USD,"5,3278","5,3284","1,0000","1,0000"
7022022,220,A,USD,"5,2907","5,2913","1,0000","1,0000"
8022022,220,A,USD,"5,2693","5,2699","1,0000","1,0000"
9022022,220,A,USD,"5,2729","5,2735","1,0000","1,0000"
10022022,220,A,USD,"5,2095","5,2101","1,0000","1,0000"
11022022,220,A,USD,"5,1981","5,1987","1,0000","1,0000"
14022022,220,A,USD,"5,2100","5,2106","1,0000","1,0000"
15022022,220,A,USD,"5,1875","5,1881","1,0000","1,0000"
16022022,220,A,USD,"5,1624","5,1630","1,0000","1,0000"
17022022,220,A,USD,"5,1559","5,1565","1,0000","1,0000"
18022022,220,A,USD,"5,1333","5,1339","1,0000","1,0000"
21022022,220,A,USD,"5,0991","5,0997","1,0000","1,0000"
22022022,220,A,USD,"5,0605","5,0611","1,0000","1,0000"
23022022,220,A,USD,"5,0137","5,0143","1,0000","1,0000"
24022022,220,A,USD,"5,1168","5,1174","1,0000","1,0000"
25022022,220,A,USD,"5,1388","5,1394","1,0000","1,0000"
2032022,220,A,USD,"5,1341","5,1347","1,0000","1,0000"
3032022,220,A,USD,"5,0473","5,0479","1,0000","1,0000"
4032022,220,A,USD,"5,0752","5,0758","1,0000","1,0000"
7032022,220,A,USD,"5,0573","5,0579","1,0000","1,0000"
8032022,220,A,USD,"5,0897","5,0903","1,0000","1,0000"
9032022,220,A,USD,"5,0088","5,0094","1,0000","1,0000"
10032022,220,A,USD,"5,0507","5,0513","1,0000","1,0000"
11032022,220,A,USD,"5,0249","5,0255","1,0000","1,0000"
14032022,220,A,USD,"5,0641","5,0647","1,0000","1,0000"
15032022,220,A,USD,"5,1308","5,1314","1,0000","1,0000"
16032022,220,A,USD,"5,1281","5,1287","1,0000","1,0000"
17032022,220,A,USD,"5,0758","5,0764","1,0000","1,0000"
18032022,220,A,USD,"5,0405","5,0411","1,0000","1,0000"
21032022,220,A,USD,"4,9660","4,9666","1,0000","1,0000"
22032022,220,A,USD,"4,9202","4,9208","1,0000","1,0000"
23032022,220,A,USD,"4,8698","4,8704","1,0000","1,0000"
24032022,220,A,USD,"4,8061","4,8067","1,0000","1,0000"
25032022,220,A,USD,"4,7776","4,7782","1,0000","1,0000"
28032022,220,A,USD,"4,7899","4,7905","1,0000","1,0000"
29032022,220,A,USD,"4,7480","4,7486","1,0000","1,0000"
30032022,220,A,USD,"4,7491","4,7497","1,0000","1,0000"
31032022,220,A,USD,"4,7372","4,7378","1,0000","1,0000"
1042022,220,A,USD,"4,6978","4,6984","1,0000","1,0000"
4042022,220,A,USD,"4,6169","4,6175","1,0000","1,0000"
5042022,220,A,USD,"4,6394","4,6400","1,0000","1,0000"
6042022,220,A,USD,"4,6961","4,6967","1,0000","1,0000"
7042022,220,A,USD,"4,7416","4,7422","1,0000","1,0000"
8042022,220,A,USD,"4,7507","4,7513","1,0000","1,0000"
11042022,220,A,USD,"4,7019","4,7025","1,0000","1,0000"
12042022,220,A,USD,"4,6477","4,6483","1,0000","1,0000"
13042022,220,A,USD,"4,6805","4,6811","1,0000","1,0000"
14042022,220,A,USD,"4,7152","4,7158","1,0000","1,0000"
18042022,220,A,USD,"4,6740","4,6746","1,0000","1,0000"
19042022,220,A,USD,"4,6658","4,6664","1,0000","1,0000"
20042022,220,A,USD,"4,6391","4,6397","1,0000","1,0000"
22042022,220,A,USD,"4,7320","4,7326","1,0000","1,0000"
25042022,220,A,USD,"4,8812","4,8818","1,0000","1,0000"
26042022,220,A,USD,"4,9660","4,9666","1,0000","1,0000"
27042022,220,A,USD,"5,0161","5,0167","1,0000","1,0000"
28042022,220,A,USD,"5,0104","5,0110","1,0000","1,0000"
29042022,220,A,USD,"4,9185","4,9191","1,0000","1,0000"
2052022,220,A,USD,"5,0260","5,0266","1,0000","1,0000"
3052022,220,A,USD,"5,0161","5,0167","1,0000","1,0000"
4052022,220,A,USD,"5,0087","5,0093","1,0000","1,0000"
5052022,220,A,USD,"5,0045","5,0051","1,0000","1,0000"
6052022,220,A,USD,"5,0744","5,0750","1,0000","1,0000"
9052022,220,A,USD,"5,1334","5,1340","1,0000","1,0000"
10052022,220,A,USD,"5,1384","5,1390","1,0000","1,0000"
11052022,220,A,USD,"5,1238","5,1244","1,0000","1,0000"
12052022,220,A,USD,"5,1476","5,1482","1,0000","1,0000"
13052022,220,A,USD,"5,1069","5,1075","1,0000","1,0000"
16052022,220,A,USD,"5,0660","5,0666","1,0000","1,0000"
17052022,220,A,USD,"4,9670","4,9676","1,0000","1,0000"
18052022,220,A,USD,"4,9586","4,9592","1,0000","1,0000"
19052022,220,A,USD,"4,9192","4,9198","1,0000","1,0000"
20052022,220,A,USD,"4,8771","4,8777","1,0000","1,0000"
23052022,220,A,USD,"4,7967","4,7973","1,0000","1,0000"
24052022,220,A,USD,"4,8100","4,8106","1,0000","1,0000"
25052022,220,A,USD,"4,8353","4,8359","1,0000","1,0000"
26052022,220,A,USD,"4,7961","4,7967","1,0000","1,0000"
27052022,220,A,USD,"4,7428","4,7434","1,0000","1,0000"
30052022,220,A,USD,"4,7210","4,7216","1,0000","1,0000"
31052022,220,A,USD,"4,7283","4,7289","1,0000","1,0000"
1062022,220,A,USD,"4,7759","4,7765","1,0000","1,0000"
2062022,220,A,USD,"4,7873","4,7879","1,0000","1,0000"
3062022,220,A,USD,"4,7950","4,7956","1,0000","1,0000"
6062022,220,A,USD,"4,7833","4,7839","1,0000","1,0000"
7062022,220,A,USD,"4,8903","4,8909","1,0000","1,0000"
8062022,220,A,USD,"4,8705","4,8711","1,0000","1,0000"
9062022,220,A,USD,"4,8945","4,8951","1,0000","1,0000"
10062022,220,A,USD,"4,9830","4,9836","1,0000","1,0000"
13062022,220,A,USD,"5,1027","5,1033","1,0000","1,0000"
14062022,220,A,USD,"5,1197","5,1203","1,0000","1,0000"
15062022,220,A,USD,"5,1113","5,1119","1,0000","1,0000"
17062022,220,A,USD,"5,1307","5,1313","1,0000","1,0000"
20062022,220,A,USD,"5,1635","5,1641","1,0000","1,0000"
21062022,220,A,USD,"5,1456","5,1462","1,0000","1,0000"
22062022,220,A,USD,"5,1503","5,1509","1,0000","1,0000"
23062022,220,A,USD,"5,1827","5,1833","1,0000","1,0000"
24062022,220,A,USD,"5,2328","5,2334","1,0000","1,0000"
27062022,220,A,USD,"5,2208","5,2214","1,0000","1,0000"
28062022,220,A,USD,"5,2173","5,2179","1,0000","1,0000"
29062022,220,A,USD,"5,2262","5,2268","1,0000","1,0000"
30062022,220,A,USD,"5,2374","5,2380","1,0000","1,0000"
1072022,220,A,USD,"5,3136","5,3142","1,0000","1,0000"
2012023,220,A,USD,"5,3430","5,3436","1,0000","1,0000"
3012023,220,A,USD,"5,3753","5,3759","1,0000","1,0000"
4012023,220,A,USD,"5,4453","5,4459","1,0000","1,0000"
5012023,220,A,USD,"5,4020","5,4026","1,0000","1,0000"
6012023,220,A,USD,"5,2849","5,2855","1,0000","1,0000"
9012023,220,A,USD,"5,2961","5,2967","1,0000","1,0000"
10012023,220,A,USD,"5,2389","5,2395","1,0000","1,0000"
11012023,220,A,USD,"5,2014","5,2020","1,0000","1,0000"
12012023,220,A,USD,"5,1394","5,1400","1,0000","1,0000"
13012023,220,A,USD,"5,1140","5,1146","1,0000","1,0000"
16012023,220,A,USD,"5,1109","5,1115","1,0000","1,0000"
17012023,220,A,USD,"5,1197","5,1203","1,0000","1,0000"
18012023,220,A,USD,"5,0903","5,0909","1,0000","1,0000"
19012023,220,A,USD,"5,2138","5,2144","1,0000","1,0000"
20012023,220,A,USD,"5,1980","5,1986","1,0000","1,0000"
23012023,220,A,USD,"5,1916","5,1922","1,0000","1,0000"
24012023,220,A,USD,"5,1690","5,1696","1,0000","1,0000"
25012023,220,A,USD,"5,1036","5,1042","1,0000","1,0000"
26012023,220,A,USD,"5,0945","5,0951","1,0000","1,0000"
27012023,220,A,USD,"5,0761","5,0767","1,0000","1,0000"
30012023,220,A,USD,"5,0953","5,0959","1,0000","1,0000"
31012023,220,A,USD,"5,0987","5,0993","1,0000","1,0000"
1022023,220,A,USD,"5,0715","5,0721","1,0000","1,0000"
2022023,220,A,USD,"4,9895","4,9901","1,0000","1,0000"
3022023,220,A,USD,"5,1024","5,1030","1,0000","1,0000"
6022023,220,A,USD,"5,1757","5,1763","1,0000","1,0000"
7022023,220,A,USD,"5,1689","5,1695","1,0000","1,0000"
8022023,220,A,USD,"5,2030","5,2036","1,0000","1,0000"
9022023,220,A,USD,"5,2309","5,2315","1,0000","1,0000"
10022023,220,A,USD,"5,2520","5,2526","1,0000","1,0000"
13022023,220,A,USD,"5,1828","5,1834","1,0000","1,0000"
14022023,220,A,USD,"5,1501","5,1507","1,0000","1,0000"
15022023,220,A,USD,"5,2237","5,2243","1,0000","1,0000"
16022023,220,A,USD,"5,2426","5,2432","1,0000","1,0000"
17022023,220,A,USD,"5,2006","5,2012","1,0000","1,0000"
22022023,220,A,USD,"5,1724","5,1730","1,0000","1,0000"
23022023,220,A,USD,"5,1324","5,1330","1,0000","1,0000"
24022023,220,A,USD,"5,1785","5,1791","1,0000","1,0000"
27022023,220,A,USD,"5,1954","5,1960","1,0000","1,0000"
28022023,220,A,USD,"5,2072","5,2078","1,0000","1,0000"
1032023,220,A,USD,"5,2064","5,2070","1,0000","1,0000"
2032023,220,A,USD,"5,2074","5,2080","1,0000","1,0000"
3032023,220,A,USD,"5,2031","5,2037","1,0000","1,0000"
6032023,220,A,USD,"5,1964","5,1970","1,0000","1,0000"
7032023,220,A,USD,"5,1895","5,1901","1,0000","1,0000"
8032023,220,A,USD,"5,1381","5,1387","1,0000","1,0000"
9032023,220,A,USD,"5,1347","5,1353","1,0000","1,0000"
10032023,220,A,USD,"5,1816","5,1822","1,0000","1,0000"
13032023,220,A,USD,"5,2394","5,2400","1,0000","1,0000"
14032023,220,A,USD,"5,2356","5,2362","1,0000","1,0000"
15032023,220,A,USD,"5,2975","5,2981","1,0000","1,0000"
16032023,220,A,USD,"5,2886","5,2892","1,0000","1,0000"
17032023,220,A,USD,"5,2673","5,2679","1,0000","1,0000"
20032023,220,A,USD,"5,2461","5,2467","1,0000","1,0000"
21032023,220,A,USD,"5,2438","5,2444","1,0000","1,0000"
22032023,220,A,USD,"5,2642","5,2648","1,0000","1,0000"
23032023,220,A,USD,"5,2626","5,2632","1,0000","1,0000"
24032023,220,A,USD,"5,2915","5,2921","1,0000","1,0000"
27032023,220,A,USD,"5,2300","5,2306","1,0000","1,0000"
28032023,220,A,USD,"5,1727","5,1733","1,0000","1,0000"
29032023,220,A,USD,"5,1487","5,1493","1,0000","1,0000"
30032023,220,A,USD,"5,1248","5,1254","1,0000","1,0000"
31032023,220,A,USD,"5,0798","5,0804","1,0000","1,0000"
3042023,220,A,USD,"5,0631","5,0637","1,0000","1,0000"
4042023,220,A,USD,"5,0756","5,0762","1,0000","1,0000"
5042023,220,A,USD,"5,0441","5,0447","1,0000","1,0000"
6042023,220,A,USD,"5,0677","5,0683","1,0000","1,0000"
10042023,220,A,USD,"5,0828","5,0834","1,0000","1,0000"
11042023,220,A,USD,"5,0122","5,0128","1,0000","1,0000"
12042023,220,A,USD,"4,9490","4,9496","1,0000","1,0000"
13042023,220,A,USD,"4,9091","4,9097","1,0000","1,0000"
14042023,220,A,USD,"4,9449","4,9455","1,0000","1,0000"
17042023,220,A,USD,"4,9415","4,9421","1,0000","1,0000"
18042023,220,A,USD,"4,9672","4,9678","1,0000","1,0000"
19042023,220,A,USD,"5,0461","5,0467","1,0000","1,0000"
20042023,220,A,USD,"5,0491","5,0497","1,0000","1,0000"
24042023,220,A,USD,"5,0589","5,0595","1,0000","1,0000"
25042023,220,A,USD,"5,0607","5,0613","1,0000","1,0000"
26042023,220,A,USD,"5,0579","5,0585","1,0000","1,0000"
27042023,220,A,USD,"5,0144","5,0150","1,0000","1,0000"
28042023,220,A,USD,"5,0001","5,0007","1,0000","1,0000"
2052023,220,A,USD,"5,0329","5,0334","1,0000","1,0000"
3052023,220,A,USD,"5,0221","5,0227","1,0000","1,0000"
4052023,220,A,USD,"5,0100","5,0106","1,0000","1,0000"
5052023,220,A,USD,"4,9690","4,9696","1,0000","1,0000"
8052023,220,A,USD,"4,9690","4,9696","1,0000","1,0000"
9052023,220,A,USD,"5,0001","5,0007","1,0000","1,0000"
10052023,220,A,USD,"4,9541","4,9547","1,0000","1,0000"
11052023,220,A,USD,"4,9690","4,9696","1,0000","1,0000"
12052023,220,A,USD,"4,9228","4,9234","1,0000","1,0000"
15052023,220,A,USD,"4,9097","4,9103","1,0000","1,0000"
16052023,220,A,USD,"4,9116","4,9122","1,0000","1,0000"
17052023,220,A,USD,"4,9507","4,9513","1,0000","1,0000"
18052023,220,A,USD,"4,9641","4,9647","1,0000","1,0000"
19052023,220,A,USD,"4,9852","4,9858","1,0000","1,0000"
22052023,220,A,USD,"4,9674","4,9680","1,0000","1,0000"
23052023,220,A,USD,"4,9668","4,9674","1,0000","1,0000"
24052023,220,A,USD,"4,9468","4,9474","1,0000","1,0000"
25052023,220,A,USD,"4,9984","4,9990","1,0000","1,0000"
26052023,220,A,USD,"5,0108","5,0114","1,0000","1,0000"
29052023,220,A,USD,"4,9948","4,9954","1,0000","1,0000"
30052023,220,A,USD,"5,0587","5,0593","1,0000","1,0000"
31052023,220,A,USD,"5,0953","5,0959","1,0000","1,0000"
1062023,220,A,USD,"5,0344","5,0350","1,0000","1,0000"
2062023,220,A,USD,"4,9552","4,9558","1,0000","1,0000"
5062023,220,A,USD,"4,9230","4,9236","1,0000","1,0000"
6062023,220,A,USD,"4,9286","4,9292","1,0000","1,0000"
7062023,220,A,USD,"4,9113","4,9119","1,0000","1,0000"
9062023,220,A,USD,"4,8916","4,8922","1,0000","1,0000"
12062023,220,A,USD,"4,8826","4,8832","1,0000","1,0000"
13062023,220,A,USD,"4,8527","4,8533","1,0000","1,0000"
14062023,220,A,USD,"4,8456","4,8462","1,0000","1,0000"
15062023,220,A,USD,"4,8216","4,8222","1,0000","1,0000"
16062023,220,A,USD,"4,8280","4,8286","1,0000","1,0000"
19062023,220,A,USD,"4,7797","4,7803","1,0000","1,0000"
20062023,220,A,USD,"4,7924","4,7930","1,0000","1,0000"
21062023,220,A,USD,"4,7789","4,7795","1,0000","1,0000"
22062023,220,A,USD,"4,7744","4,7750","1,0000","1,0000"
23062023,220,A,USD,"4,7793","4,7799","1,0000","1,0000"
26062023,220,A,USD,"4,7692","4,7698","1,0000","1,0000"
27062023,220,A,USD,"4,7897","4,7903","1,0000","1,0000"
28062023,220,A,USD,"4,8557","4,8563","1,0000","1,0000"
29062023,220,A,USD,"4,8578","4,8584","1,0000","1,0000"
30062023,220,A,USD,"4,8186","4,8192","1,0000","1,0000"
2012024,220,A,USD,"4,8910","4,8916","1,0000","1,0000"
3012024,220,A,USD,"4,9206","4,9212","1,0000","1,0000"
4012024,220,A,USD,"4,9182","4,9188","1,0000","1,0000"
5012024,220,A,USD,"4,8893","4,8899","1,0000","1,0000"
8012024,220,A,USD,"4,8844","4,8850","1,0000","1,0000"
9012024,220,A,USD,"4,8931","4,8937","1,0000","1,0000"
10012024,220,A,USD,"4,8895","4,8901","1,0000","1,0000"
11012024,220,A,USD,"4,8788","4,8794","1,0000","1,0000"
12012024,220,A,USD,"4,8537","4,8543","1,0000","1,0000"
15012024,220,A,USD,"4,8759","4,8765","1,0000","1,0000"
16012024,220,A,USD,"4,9032","4,9038","1,0000","1,0000"
17012024,220,A,USD,"4,9340","4,9346","1,0000","1,0000"
18012024,220,A,USD,"4,9397","4,9403","1,0000","1,0000"
19012024,220,A,USD,"4,9217","4,9223","1,0000","1,0000"
22012024,220,A,USD,"4,9484","4,9490","1,0000","1,0000"
23012024,220,A,USD,"4,9709","4,9715","1,0000","1,0000"
24012024,220,A,USD,"4,9186","4,9192","1,0000","1,0000"
25012024,220,A,USD,"4,9226","4,9232","1,0000","1,0000"
26012024,220,A,USD,"4,9119","4,9125","1,0000","1,0000"
29012024,220,A,USD,"4,9219","4,9225","1,0000","1,0000"
30012024,220,A,USD,"4,9632","4,9638","1,0000","1,0000"
31012024,220,A,USD,"4,9529","4,9535","1,0000","1,0000"
1022024,220,A,USD,"4,9344","4,9350","1,0000","1,0000"
2022024,220,A,USD,"4,9465","4,9471","1,0000","1,0000"
5022024,220,A,USD,"5,0047","5,0053","1,0000","1,0000"
6022024,220,A,USD,"4,9681","4,9687","1,0000","1,0000"
7022024,220,A,USD,"4,9602","4,9608","1,0000","1,0000"
8022024,220,A,USD,"4,9798","4,9804","1,0000","1,0000"
9022024,220,A,USD,"4,9711","4,9717","1,0000","1,0000"
14022024,220,A,USD,"4,9717","4,9723","1,0000","1,0000"
15022024,220,A,USD,"4,9704","4,9710","1,0000","1,0000"
16022024,220,A,USD,"4,9755","4,9761","1,0000","1,0000"
19022024,220,A,USD,"4,9579","4,9585","1,0000","1,0000"
20022024,220,A,USD,"4,9402","4,9408","1,0000","1,0000"
21022024,220,A,USD,"4,9297","4,9303","1,0000","1,0000"
22022024,220,A,USD,"4,9413","4,9419","1,0000","1,0000"
23022024,220,A,USD,"4,9845","4,9851","1,0000","1,0000"
26022024,220,A,USD,"4,9813","4,9819","1,0000","1,0000"
27022024,220,A,USD,"4,9569","4,9575","1,0000","1,0000"
28022024,220,A,USD,"4,9551","4,9557","1,0000","1,0000"
29022024,220,A,USD,"4,9827","4,9833","1,0000","1,0000"
1032024,220,A,USD,"4,9590","4,9596","1,0000","1,0000"
4032024,220,A,USD,"4,9469","4,9475","1,0000","1,0000"
5032024,220,A,USD,"4,9482","4,9488","1,0000","1,0000"
6032024,220,A,USD,"4,9392","4,9398","1,0000","1,0000"
7032024,220,A,USD,"4,9358","4,9364","1,0000","1,0000"
8032024,220,A,USD,"4,9745","4,9751","1,0000","1,0000"
11032024,220,A,USD,"4,9771","4,9777","1,0000","1,0000"
12032024,220,A,USD,"4,9807","4,9813","1,0000","1,0000"
13032024,220,A,USD,"4,9797","4,9803","1,0000","1,0000"
14032024,220,A,USD,"4,9762","4,9768","1,0000","1,0000"
15032024,220,A,USD,"4,9931","4,9937","1,0000","1,0000"
18032024,220,A,USD,"5,0118","5,0124","1,0000","1,0000"
19032024,220,A,USD,"5,0346","5,0352","1,0000","1,0000"
20032024,220,A,USD,"5,0114","5,0120","1,0000","1,0000"
21032024,220,A,USD,"4,9801","4,9807","1,0000","1,0000"
22032024,220,A,USD,"4,9891","4,9897","1,0000","1,0000"
25032024,220,A,USD,"4,9863","4,9869","1,0000","1,0000"
26032024,220,A,USD,"4,9864","4,9870","1,0000","1,0000"
27032024,220,A,USD,"4,9850","4,9856","1,0000","1,0000"
28032024,220,A,USD,"4,9956","4,9962","1,0000","1,0000"
1042024,220,A,USD,"5,0526","5,0532","1,0000","1,0000"
2042024,220,A,USD,"5,0469","5,0476","1,0000","1,0000"
3042024,220,A,USD,"5,0718","5,0724","1,0000","1,0000"
4042024,220,A,USD,"5,0231","5,0237","1,0000","1,0000"
5042024,220,A,USD,"5,0514","5,0520","1,0000","1,0000"
8042024,220,A,USD,"5,0415","5,0421","1,0000","1,0000"
9042024,220,A,USD,"5,0074","5,0080","1,0000","1,0000"
10042024,220,A,USD,"5,0648","5,0654","1,0000","1,0000"
11042024,220,A,USD,"5,0759","5,0765","1,0000","1,0000"
12042024,220,A,USD,"5,1358","5,1364","1,0000","1,0000"
15042024,220,A,USD,"5,1740","5,1746","1,0000","1,0000"
16042024,220,A,USD,"5,2628","5,2635","1,0000","1,0000"
17042024,220,A,USD,"5,2463","5,2469","1,0000","1,0000"
18042024,220,A,USD,"5,2506","5,2512","1,0000","1,0000"
19042024,220,A,USD,"5,2263","5,2269","1,0000","1,0000"
22042024,220,A,USD,"5,2037","5,2043","1,0000","1,0000"
23042024,220,A,USD,"5,1620","5,1626","1,0000","1,0000"
24042024,220,A,USD,"5,1586","5,1592","1,0000","1,0000"
25042024,220,A,USD,"5,1673","5,1679","1,0000","1,0000"
26042024,220,A,USD,"5,1178","5,1184","1,0000","1,0000"
29042024,220,A,USD,"5,1149","5,1155","1,0000","1,0000"
30042024,220,A,USD,"5,1712","5,1718","1,0000","1,0000"
2052024,220,A,USD,"5,1178","5,1184","1,0000","1,0000"
3052024,220,A,USD,"5,0662","5,0668","1,0000","1,0000"
6052024,220,A,USD,"5,0721","5,0727","1,0000","1,0000"
7052024,220,A,USD,"5,0604","5,0610","1,0000","1,0000"
8052024,220,A,USD,"5,0881","5,0887","1,0000","1,0000"
9052024,220,A,USD,"5,1571","5,1577","1,0000","1,0000"
10052024,220,A,USD,"5,1458","5,1464","1,0000","1,0000"
13052024,220,A,USD,"5,1406","5,1412","1,0000","1,0000"
14052024,220,A,USD,"5,1350","5,1356","1,0000","1,0000"
15052024,220,A,USD,"5,1417","5,1423","1,0000","1,0000"
16052024,220,A,USD,"5,1264","5,1270","1,0000","1,0000"
17052024,220,A,USD,"5,1151","5,1157","1,0000","1,0000"
20052024,220,A,USD,"5,1079","5,1085","1,0000","1,0000"
21052024,220,A,USD,"5,1031","5,1037","1,0000","1,0000"
22052024,220,A,USD,"5,1496","5,1502","1,0000","1,0000"
23052024,220,A,USD,"5,1437","5,1443","1,0000","1,0000"
24052024,220,A,USD,"5,1502","5,1508","1,0000","1,0000"
27052024,220,A,USD,"5,1698","5,1704","1,0000","1,0000"
28052024,220,A,USD,"5,1532","5,1538","1,0000","1,0000"
29052024,220,A,USD,"5,1966","5,1972","1,0000","1,0000"
31052024,220,A,USD,"5,2410","5,2416","1,0000","1,0000"
3062024,220,A,USD,"5,2367","5,2373","1,0000","1,0000"
4062024,220,A,USD,"5,2681","5,2687","1,0000","1,0000"
5062024,220,A,USD,"5,2835","5,2841","1,0000","1,0000"
6062024,220,A,USD,"5,2675","5,2681","1,0000","1,0000"
7062024,220,A,USD,"5,2796","5,2802","1,0000","1,0000"
10062024,220,A,USD,"5,3660","5,3666","1,0000","1,0000"
11062024,220,A,USD,"5,3519","5,3524","1,0000","1,0000"
12062024,220,A,USD,"5,3885","5,3891","1,0000","1,0000"
13062024,220,A,USD,"5,3968","5,3974","1,0000","1,0000"
14062024,220,A,USD,"5,3624","5,3630","1,0000","1,0000"
17062024,220,A,USD,"5,4124","5,4130","1,0000","1,0000"
18062024,220,A,USD,"5,4068","5,4074","1,0000","1,0000"
19062024,220,A,USD,"5,4641","5,4647","1,0000","1,0000"
20062024,220,A,USD,"5,4248","5,4254","1,0000","1,0000"
21062024,220,A,USD,"5,4410","5,4416","1,0000","1,0000"
24062024,220,A,USD,"5,3994","5,4000","1,0000","1,0000"
25062024,220,A,USD,"5,4283","5,4290","1,0000","1,0000"
26062024,220,A,USD,"5,5091","5,5097","1,0000","1,0000"
27062024,220,A,USD,"5,5223","5,5229","1,0000","1,0000"
28062024,220,A,USD,"5,5583","5,5589","1,0000","1,0000"
1072024,220,A,USD,"5,5887","5,5893","1,0000","1,0000"
1072020,220,A,USD,"5,3646","5,3651","1,0000","1,0000"
2072020,220,A,USD,"5,3022","5,3028","1,0000","1,0000"
3072020,220,A,USD,"5,3368","5,3374","1,0000","1,0000"
6072020,220,A,USD,"5,3079","5,3085","1,0000","1,0000"
7072020,220,A,USD,"5,3312","5,3318","1,0000","1,0000"
8072020,220,A,USD,"5,3476","5,3482","1,0000","1,0000"
9072020,220,A,USD,"5,2972","5,2978","1,0000","1,0000"
10072020,220,A,USD,"5,3434","5,3440","1,0000","1,0000"
13072020,220,A,USD,"5,3480","5,3486","1,0000","1,0000"
14072020,220,A,USD,"5,4282","5,4288","1,0000","1,0000"
15072020,220,A,USD,"5,3485","5,3491","1,0000","1,0000"
16072020,220,A,USD,"5,3554","5,3560","1,0000","1,0000"
17072020,220,A,USD,"5,3504","5,3510","1,0000","1,0000"
20072020,220,A,USD,"5,3629","5,3635","1,0000","1,0000"
21072020,220,A,USD,"5,2277","5,2283","1,0000","1,0000"
22072020,220,A,USD,"5,1105","5,1111","1,0000","1,0000"
23072020,220,A,USD,"5,1641","5,1647","1,0000","1,0000"
24072020,220,A,USD,"5,2140","5,2146","1,0000","1,0000"
27072020,220,A,USD,"5,1883","5,1889","1,0000","1,0000"
28072020,220,A,USD,"5,1771","5,1777","1,0000","1,0000"
29072020,220,A,USD,"5,1389","5,1395","1,0000","1,0000"
30072020,220,A,USD,"5,1831","5,1837","1,0000","1,0000"
31072020,220,A,USD,"5,2027","5,2033","1,0000","1,0000"
3082020,220,A,USD,"5,3069","5,3075","1,0000","1,0000"
4082020,220,A,USD,"5,3323","5,3329","1,0000","1,0000"
5082020,220,A,USD,"5,2754","5,2760","1,0000","1,0000"
6082020,220,A,USD,"5,3425","5,3431","1,0000","1,0000"
7082020,220,A,USD,"5,4221","5,4227","1,0000","1,0000"
10082020,220,A,USD,"5,3927","5,3933","1,0000","1,0000"
11082020,220,A,USD,"5,4279","5,4285","1,0000","1,0000"
12082020,220,A,USD,"5,4545","5,4551","1,0000","1,0000"
13082020,220,A,USD,"5,3795","5,3801","1,0000","1,0000"
14082020,220,A,USD,"5,3846","5,3852","1,0000","1,0000"
17082020,220,A,USD,"5,4491","5,4497","1,0000","1,0000"
18082020,220,A,USD,"5,4653","5,4659","1,0000","1,0000"
19082020,220,A,USD,"5,4900","5,4906","1,0000","1,0000"
20082020,220,A,USD,"5,6504","5,6510","1,0000","1,0000"
21082020,220,A,USD,"5,6058","5,6064","1,0000","1,0000"
24082020,220,A,USD,"5,5948","5,5954","1,0000","1,0000"
25082020,220,A,USD,"5,5991","5,5997","1,0000","1,0000"
26082020,220,A,USD,"5,5674","5,5680","1,0000","1,0000"
27082020,220,A,USD,"5,5950","5,5956","1,0000","1,0000"
28082020,220,A,USD,"5,4673","5,4679","1,0000","1,0000"
31082020,220,A,USD,"5,4707","5,4713","1,0000","1,0000"
1092020,220,A,USD,"5,3726","5,3732","1,0000","1,0000"
2092020,220,A,USD,"5,3735","5,3741","1,0000","1,0000"
3092020,220,A,USD,"5,3073","5,3079","1,0000","1,0000"
4092020,220,A,USD,"5,2842","5,2848","1,0000","1,0000"
8092020,220,A,USD,"5,3692","5,3698","1,0000","1,0000"
9092020,220,A,USD,"5,3018","5,3024","1,0000","1,0000"
10092020,220,A,USD,"5,2930","5,2936","1,0000","1,0000"
11092020,220,A,USD,"5,2848","5,2854","1,0000","1,0000"
14092020,220,A,USD,"5,2978","5,2984","1,0000","1,0000"
15092020,220,A,USD,"5,2722","5,2728","1,0000","1,0000"
16092020,220,A,USD,"5,2526","5,2532","1,0000","1,0000"
17092020,220,A,USD,"5,2587","5,2593","1,0000","1,0000"
18092020,220,A,USD,"5,2883","5,2889","1,0000","1,0000"
21092020,220,A,USD,"5,4434","5,4440","1,0000","1,0000"
22092020,220,A,USD,"5,4323","5,4329","1,0000","1,0000"
23092020,220,A,USD,"5,5305","5,5311","1,0000","1,0000"
24092020,220,A,USD,"5,5708","5,5714","1,0000","1,0000"
25092020,220,A,USD,"5,5661","5,5667","1,0000","1,0000"
28092020,220,A,USD,"5,5852","5,5858","1,0000","1,0000"
29092020,220,A,USD,"5,6521","5,6528","1,0000","1,0000"
30092020,220,A,USD,"5,6401","5,6407","1,0000","1,0000"
1102020,220,A,USD,"5,6435","5,6441","1,0000","1,0000"
2102020,220,A,USD,"5,6458","5,6464","1,0000","1,0000"
5102020,220,A,USD,"5,6293","5,6299","1,0000","1,0000"
6102020,220,A,USD,"5,5199","5,5205","1,0000","1,0000"
7102020,220,A,USD,"5,6012","5,6018","1,0000","1,0000"
8102020,220,A,USD,"5,6194","5,6200","1,0000","1,0000"
9102020,220,A,USD,"5,5387","5,5393","1,0000","1,0000"
13102020,220,A,USD,"5,5854","5,5859","1,0000","1,0000"
14102020,220,A,USD,"5,5669","5,5675","1,0000","1,0000"
15102020,220,A,USD,"5,6166","5,6172","1,0000","1,0000"
16102020,220,A,USD,"5,6220","5,6226","1,0000","1,0000"
19102020,220,A,USD,"5,6017","5,6023","1,0000","1,0000"
20102020,220,A,USD,"5,5824","5,5830","1,0000","1,0000"
21102020,220,A,USD,"5,6000","5,6006","1,0000","1,0000"
22102020,220,A,USD,"5,5814","5,5820","1,0000","1,0000"
23102020,220,A,USD,"5,6114","5,6120","1,0000","1,0000"
26102020,220,A,USD,"5,6322","5,6328","1,0000","1,0000"
27102020,220,A,USD,"5,6484","5,6491","1,0000","1,0000"
28102020,220,A,USD,"5,7319","5,7325","1,0000","1,0000"
29102020,220,A,USD,"5,7797","5,7803","1,0000","1,0000"
30102020,220,A,USD,"5,7712","5,7718","1,0000","1,0000"
3112020,220,A,USD,"5,6889","5,6895","1,0000","1,0000"
4112020,220,A,USD,"5,6926","5,6932","1,0000","1,0000"
5112020,220,A,USD,"5,5618","5,5624","1,0000","1,0000"
6112020,220,A,USD,"5,5307","5,5313","1,0000","1,0000"
9112020,220,A,USD,"5,2815","5,2821","1,0000","1,0000"
10112020,220,A,USD,"5,3690","5,3696","1,0000","1,0000"
11112020,220,A,USD,"5,4014","5,4020","1,0000","1,0000"
12112020,220,A,USD,"5,4088","5,4094","1,0000","1,0000"
13112020,220,A,USD,"5,4848","5,4854","1,0000","1,0000"
16112020,220,A,USD,"5,4192","5,4198","1,0000","1,0000"
17112020,220,A,USD,"5,3962","5,3968","1,0000","1,0000"
18112020,220,A,USD,"5,2926","5,2932","1,0000","1,0000"
19112020,220,A,USD,"5,3324","5,3330","1,0000","1,0000"
20112020,220,A,USD,"5,3499","5,3505","1,0000","1,0000"
23112020,220,A,USD,"5,3822","5,3828","1,0000","1,0000"
24112020,220,A,USD,"5,4031","5,4037","1,0000","1,0000"
25112020,220,A,USD,"5,3502","5,3508","1,0000","1,0000"
26112020,220,A,USD,"5,3195","5,3201","1,0000","1,0000"
27112020,220,A,USD,"5,3488","5,3494","1,0000","1,0000"
30112020,220,A,USD,"5,3311","5,3317","1,0000","1,0000"
1122020,220,A,USD,"5,2783","5,2789","1,0000","1,0000"
2122020,220,A,USD,"5,2261","5,2267","1,0000","1,0000"
3122020,220,A,USD,"5,1619","5,1625","1,0000","1,0000"
4122020,220,A,USD,"5,1700","5,1706","1,0000","1,0000"
7122020,220,A,USD,"5,1012","5,1018","1,0000","1,0000"
8122020,220,A,USD,"5,0914","5,0920","1,0000","1,0000"
9122020,220,A,USD,"5,1103","5,1109","1,0000","1,0000"
10122020,220,A,USD,"5,0846","5,0852","1,0000","1,0000"
11122020,220,A,USD,"5,0685","5,0691","1,0000","1,0000"
14122020,220,A,USD,"5,0572","5,0578","1,0000","1,0000"
15122020,220,A,USD,"5,0962","5,0968","1,0000","1,0000"
16122020,220,A,USD,"5,1051","5,1057","1,0000","1,0000"
17122020,220,A,USD,"5,0606","5,0612","1,0000","1,0000"
18122020,220,A,USD,"5,0980","5,0986","1,0000","1,0000"
21122020,220,A,USD,"5,1566","5,1572","1,0000","1,0000"
22122020,220,A,USD,"5,1467","5,1473","1,0000","1,0000"
23122020,220,A,USD,"5,1734","5,1740","1,0000","1,0000"
24122020,220,A,USD,"5,1785","5,1800","1,0000","1,0000"
28122020,220,A,USD,"5,2384","5,2390","1,0000","1,0000"
29122020,220,A,USD,"5,1936","5,1942","1,0000","1,0000"
30122020,220,A,USD,"5,1961","5,1967","1,0000","1,0000"
31122020,220,A,USD,"5,1961","5,1967","1,0000","1,0000"
1072021,220,A,USD,"5,0049","5,0055","1,0000","1,0000"
2072021,220,A,USD,"5,0287","5,0293","1,0000","1,0000"
5072021,220,A,USD,"5,0743","5,0749","1,0000","1,0000"
6072021,220,A,USD,"5,1639","5,1645","1,0000","1,0000"
7072021,220,A,USD,"5,2322","5,2328","1,0000","1,0000"
8072021,220,A,USD,"5,2581","5,2587","1,0000","1,0000"
9072021,220,A,USD,"5,2370","5,2393","1,0000","1,0000"
12072021,220,A,USD,"5,2233","5,2239","1,0000","1,0000"
13072021,220,A,USD,"5,1764","5,1770","1,0000","1,0000"
14072021,220,A,USD,"5,0874","5,0880","1,0000","1,0000"
15072021,220,A,USD,"5,0994","5,1000","1,0000","1,0000"
16072021,220,A,USD,"5,0935","5,0941","1,0000","1,0000"
19072021,220,A,USD,"5,1972","5,1978","1,0000","1,0000"
20072021,220,A,USD,"5,2459","5,2465","1,0000","1,0000"
21072021,220,A,USD,"5,2510","5,2516","1,0000","1,0000"
22072021,220,A,USD,"5,1972","5,1978","1,0000","1,0000"
23072021,220,A,USD,"5,1695","5,1701","1,0000","1,0000"
26072021,220,A,USD,"5,1857","5,1863","1,0000","1,0000"
27072021,220,A,USD,"5,1663","5,1669","1,0000","1,0000"
28072021,220,A,USD,"5,1521","5,1527","1,0000","1,0000"
29072021,220,A,USD,"5,0676","5,0682","1,0000","1,0000"
30072021,220,A,USD,"5,1210","5,1216","1,0000","1,0000"
2082021,220,A,USD,"5,1373","5,1379","1,0000","1,0000"
3082021,220,A,USD,"5,2458","5,2464","1,0000","1,0000"
4082021,220,A,USD,"5,2085","5,2091","1,0000","1,0000"
5082021,220,A,USD,"5,1459","5,1464","1,0000","1,0000"
6082021,220,A,USD,"5,2404","5,2410","1,0000","1,0000"
9082021,220,A,USD,"5,2768","5,2774","1,0000","1,0000"
10082021,220,A,USD,"5,2211","5,2217","1,0000","1,0000"
11082021,220,A,USD,"5,2007","5,2013","1,0000","1,0000"
12082021,220,A,USD,"5,2345","5,2351","1,0000","1,0000"
13082021,220,A,USD,"5,2468","5,2474","1,0000","1,0000"
16082021,220,A,USD,"5,2489","5,2495","1,0000","1,0000"
17082021,220,A,USD,"5,2579","5,2585","1,0000","1,0000"
18082021,220,A,USD,"5,3019","5,3025","1,0000","1,0000"
19082021,220,A,USD,"5,4174","5,4180","1,0000","1,0000"
20082021,220,A,USD,"5,4268","5,4274","1,0000","1,0000"
23082021,220,A,USD,"5,3680","5,3686","1,0000","1,0000"
24082021,220,A,USD,"5,3011","5,3017","1,0000","1,0000"
25082021,220,A,USD,"5,2459","5,2465","1,0000","1,0000"
26082021,220,A,USD,"5,2423","5,2429","1,0000","1,0000"
27082021,220,A,USD,"5,2194","5,2200","1,0000","1,0000"
30082021,220,A,USD,"5,1946","5,1952","1,0000","1,0000"
31082021,220,A,USD,"5,1427","5,1433","1,0000","1,0000"
1092021,220,A,USD,"5,1570","5,1576","1,0000","1,0000"
2092021,220,A,USD,"5,1729","5,1735","1,0000","1,0000"
3092021,220,A,USD,"5,1679","5,1685","1,0000","1,0000"
6092021,220,A,USD,"5,1767","5,1773","1,0000","1,0000"
8092021,220,A,USD,"5,2518","5,2524","1,0000","1,0000"
9092021,220,A,USD,"5,2819","5,2825","1,0000","1,0000"
10092021,220,A,USD,"5,2152","5,2158","1,0000","1,0000"
13092021,220,A,USD,"5,2184","5,2190","1,0000","1,0000"
14092021,220,A,USD,"5,2254","5,2260","1,0000","1,0000"
15092021,220,A,USD,"5,2570","5,2576","1,0000","1,0000"
16092021,220,A,USD,"5,2588","5,2594","1,0000","1,0000"
17092021,220,A,USD,"5,3097","5,3103","1,0000","1,0000"
20092021,220,A,USD,"5,3326","5,3332","1,0000","1,0000"
21092021,220,A,USD,"5,3038","5,3044","1,0000","1,0000"
22092021,220,A,USD,"5,2777","5,2783","1,0000","1,0000"
23092021,220,A,USD,"5,2885","5,2891","1,0000","1,0000"
24092021,220,A,USD,"5,3429","5,3435","1,0000","1,0000"
27092021,220,A,USD,"5,3472","5,3478","1,0000","1,0000"
28092021,220,A,USD,"5,4200","5,4206","1,0000","1,0000"
29092021,220,A,USD,"5,4167","5,4173","1,0000","1,0000"
30092021,220,A,USD,"5,4388","5,4394","1,0000","1,0000"
1102021,220,A,USD,"5,3905","5,3911","1,0000","1,0000"
4102021,220,A,USD,"5,4198","5,4204","1,0000","1,0000"
5102021,220,A,USD,"5,4605","5,4611","1,0000","1,0000"
6102021,220,A,USD,"5,5091","5,5097","1,0000","1,0000"
7102021,220,A,USD,"5,5134","5,5140","1,0000","1,0000"
8102021,220,A,USD,"5,5078","5,5084","1,0000","1,0000"
11102021,220,A,USD,"5,5155","5,5161","1,0000","1,0000"
13102021,220,A,USD,"5,5464","5,5471","1,0000","1,0000"
14102021,220,A,USD,"5,4982","5,4988","1,0000","1,0000"
15102021,220,A,USD,"5,4504","5,4510","1,0000","1,0000"
18102021,220,A,USD,"5,5187","5,5193","1,0000","1,0000"
19102021,220,A,USD,"5,5515","5,5521","1,0000","1,0000"
20102021,220,A,USD,"5,5565","5,5571","1,0000","1,0000"
21102021,220,A,USD,"5,6417","5,6423","1,0000","1,0000"
22102021,220,A,USD,"5,7111","5,7117","1,0000","1,0000"
25102021,220,A,USD,"5,5967","5,5973","1,0000","1,0000"
26102021,220,A,USD,"5,5794","5,5800","1,0000","1,0000"
27102021,220,A,USD,"5,5661","5,5667","1,0000","1,0000"
28102021,220,A,USD,"5,6118","5,6124","1,0000","1,0000"
29102021,220,A,USD,"5,6424","5,6430","1,0000","1,0000"
1112021,220,A,USD,"5,6688","5,6694","1,0000","1,0000"
3112021,220,A,USD,"5,6666","5,6672","1,0000","1,0000"
4112021,220,A,USD,"5,5936","5,5942","1,0000","1,0000"
5112021,220,A,USD,"5,5449","5,5455","1,0000","1,0000"
8112021,220,A,USD,"5,5621","5,5627","1,0000","1,0000"
9112021,220,A,USD,"5,4951","5,4957","1,0000","1,0000"
10112021,220,A,USD,"5,4584","5,4590","1,0000","1,0000"
11112021,220,A,USD,"5,4165","5,4171","1,0000","1,0000"
12112021,220,A,USD,"5,4193","5,4199","1,0000","1,0000"
16112021,220,A,USD,"5,4766","5,4772","1,0000","1,0000"
17112021,220,A,USD,"5,4987","5,4993","1,0000","1,0000"
18112021,220,A,USD,"5,5464","5,5470","1,0000","1,0000"
19112021,220,A,USD,"5,5578","5,5584","1,0000","1,0000"
22112021,220,A,USD,"5,5835","5,5841","1,0000","1,0000"
23112021,220,A,USD,"5,6450","5,6456","1,0000","1,0000"
24112021,220,A,USD,"5,6021","5,6027","1,0000","1,0000"
25112021,220,A,USD,"5,5734","5,5740","1,0000","1,0000"
26112021,220,A,USD,"5,5859","5,5865","1,0000","1,0000"
29112021,220,A,USD,"5,6112","5,6118","1,0000","1,0000"
30112021,220,A,USD,"5,6193","5,6199","1,0000","1,0000"
1122021,220,A,USD,"5,6162","5,6168","1,0000","1,0000"
2122021,220,A,USD,"5,6339","5,6345","1,0000","1,0000"
3122021,220,A,USD,"5,6426","5,6432","1,0000","1,0000"
6122021,220,A,USD,"5,6871","5,6877","1,0000","1,0000"
7122021,220,A,USD,"5,6405","5,6411","1,0000","1,0000"
8122021,220,A,USD,"5,5773","5,5779","1,0000","1,0000"
9122021,220,A,USD,"5,5558","5,5564","1,0000","1,0000"
10122021,220,A,USD,"5,5925","5,5931","1,0000","1,0000"
13122021,220,A,USD,"5,6351","5,6357","1,0000","1,0000"
14122021,220,A,USD,"5,6455","5,6461","1,0000","1,0000"
15122021,220,A,USD,"5,7121","5,7127","1,0000","1,0000"
16122021,220,A,USD,"5,6957","5,6963","1,0000","1,0000"
17122021,220,A,USD,"5,6953","5,6959","1,0000","1,0000"
20122021,220,A,USD,"5,7049","5,7055","1,0000","1,0000"
21122021,220,A,USD,"5,7367","5,7372","1,0000","1,0000"
22122021,220,A,USD,"5,7195","5,7201","1,0000","1,0000"
23122021,220,A,USD,"5,6904","5,6910","1,0000","1,0000"
24122021,220,A,USD,"5,6541","5,6591","1,0000","1,0000"
27122021,220,A,USD,"5,6644","5,6650","1,0000","1,0000"
28122021,220,A,USD,"5,6432","5,6438","1,0000","1,0000"
29122021,220,A,USD,"5,6613","5,6619","1,0000","1,0000"
30122021,220,A,USD,"5,5799","5,5805","1,0000","1,0000"
31122021,220,A,USD,"5,5799","5,5805","1,0000","1,0000"
1072022,220,A,USD,"5,3136","5,3142","1,0000","1,0000"
4072022,220,A,USD,"5,3032","5,3038","1,0000","1,0000"
5072022,220,A,USD,"5,3893","5,3899","1,0000","1,0000"
6072022,220,A,USD,"5,4315","5,4321","1,0000","1,0000"
7072022,220,A,USD,"5,3634","5,3640","1,0000","1,0000"
8072022,220,A,USD,"5,3080","5,3086","1,0000","1,0000"
11072022,220,A,USD,"5,3471","5,3477","1,0000","1,0000"
12072022,220,A,USD,"5,4114","5,4120","1,0000","1,0000"
13072022,220,A,USD,"5,3987","5,3992","1,0000","1,0000"
14072022,220,A,USD,"5,4562","5,4568","1,0000","1,0000"
15072022,220,A,USD,"5,4008","5,4014","1,0000","1,0000"
18072022,220,A,USD,"5,3669","5,3675","1,0000","1,0000"
19072022,220,A,USD,"5,3898","5,3904","1,0000","1,0000"
20072022,220,A,USD,"5,4282","5,4288","1,0000","1,0000"
21072022,220,A,USD,"5,4744","5,4750","1,0000","1,0000"
22072022,220,A,USD,"5,4516","5,4522","1,0000","1,0000"
25072022,220,A,USD,"5,4138","5,4144","1,0000","1,0000"
26072022,220,A,USD,"5,3602","5,3608","1,0000","1,0000"
27072022,220,A,USD,"5,3068","5,3074","1,0000","1,0000"
28072022,220,A,USD,"5,2143","5,2149","1,0000","1,0000"
29072022,220,A,USD,"5,1878","5,1884","1,0000","1,0000"
1082022,220,A,USD,"5,1600","5,1606","1,0000","1,0000"
2082022,220,A,USD,"5,2323","5,2329","1,0000","1,0000"
3082022,220,A,USD,"5,2840","5,2846","1,0000","1,0000"
4082022,220,A,USD,"5,2403","5,2409","1,0000","1,0000"
5082022,220,A,USD,"5,2159","5,2165","1,0000","1,0000"
8082022,220,A,USD,"5,1241","5,1247","1,0000","1,0000"
9082022,220,A,USD,"5,1218","5,1224","1,0000","1,0000"
10082022,220,A,USD,"5,0491","5,0497","1,0000","1,0000"
11082022,220,A,USD,"5,1121","5,1127","1,0000","1,0000"
12082022,220,A,USD,"5,1017","5,1023","1,0000","1,0000"
15082022,220,A,USD,"5,0919","5,0925","1,0000","1,0000"
16082022,220,A,USD,"5,1334","5,1340","1,0000","1,0000"
17082022,220,A,USD,"5,1779","5,1784","1,0000","1,0000"
18082022,220,A,USD,"5,1767","5,1773","1,0000","1,0000"
19082022,220,A,USD,"5,1955","5,1961","1,0000","1,0000"
22082022,220,A,USD,"5,1703","5,1709","1,0000","1,0000"
23082022,220,A,USD,"5,1024","5,1030","1,0000","1,0000"
24082022,220,A,USD,"5,1044","5,1050","1,0000","1,0000"
25082022,220,A,USD,"5,1167","5,1173","1,0000","1,0000"
26082022,220,A,USD,"5,0897","5,0903","1,0000","1,0000"
29082022,220,A,USD,"5,0423","5,0428","1,0000","1,0000"
30082022,220,A,USD,"5,0611","5,0617","1,0000","1,0000"
31082022,220,A,USD,"5,1784","5,1790","1,0000","1,0000"
1092022,220,A,USD,"5,2001","5,2007","1,0000","1,0000"
2092022,220,A,USD,"5,1872","5,1878","1,0000","1,0000"
5092022,220,A,USD,"5,1680","5,1686","1,0000","1,0000"
6092022,220,A,USD,"5,2222","5,2228","1,0000","1,0000"
8092022,220,A,USD,"5,2149","5,2155","1,0000","1,0000"
9092022,220,A,USD,"5,1627","5,1633","1,0000","1,0000"
12092022,220,A,USD,"5,1177","5,1183","1,0000","1,0000"
13092022,220,A,USD,"5,1788","5,1794","1,0000","1,0000"
14092022,220,A,USD,"5,1768","5,1774","1,0000","1,0000"
15092022,220,A,USD,"5,2205","5,2211","1,0000","1,0000"
16092022,220,A,USD,"5,2876","5,2882","1,0000","1,0000"
19092022,220,A,USD,"5,2361","5,2367","1,0000","1,0000"
20092022,220,A,USD,"5,1699","5,1705","1,0000","1,0000"
21092022,220,A,USD,"5,1686","5,1692","1,0000","1,0000"
22092022,220,A,USD,"5,1671","5,1677","1,0000","1,0000"
23092022,220,A,USD,"5,2251","5,2257","1,0000","1,0000"
26092022,220,A,USD,"5,3542","5,3548","1,0000","1,0000"
27092022,220,A,USD,"5,3502","5,3508","1,0000","1,0000"
28092022,220,A,USD,"5,3588","5,3594","1,0000","1,0000"
29092022,220,A,USD,"5,3910","5,3916","1,0000","1,0000"
30092022,220,A,USD,"5,4060","5,4066","1,0000","1,0000"
3102022,220,A,USD,"5,1996","5,2002","1,0000","1,0000"
4102022,220,A,USD,"5,1405","5,1411","1,0000","1,0000"
5102022,220,A,USD,"5,2138","5,2144","1,0000","1,0000"
6102022,220,A,USD,"5,2002","5,2009","1,0000","1,0000"
7102022,220,A,USD,"5,2215","5,2221","1,0000","1,0000"
10102022,220,A,USD,"5,1935","5,1941","1,0000","1,0000"
11102022,220,A,USD,"5,2061","5,2068","1,0000","1,0000"
13102022,220,A,USD,"5,3011","5,3017","1,0000","1,0000"
14102022,220,A,USD,"5,2818","5,2824","1,0000","1,0000"
17102022,220,A,USD,"5,2707","5,2713","1,0000","1,0000"
18102022,220,A,USD,"5,2691","5,2697","1,0000","1,0000"
19102022,220,A,USD,"5,2802","5,2808","1,0000","1,0000"
20102022,220,A,USD,"5,2170","5,2176","1,0000","1,0000"
21102022,220,A,USD,"5,1913","5,1919","1,0000","1,0000"
24102022,220,A,USD,"5,2738","5,2744","1,0000","1,0000"
25102022,220,A,USD,"5,3085","5,3091","1,0000","1,0000"
26102022,220,A,USD,"5,3242","5,3248","1,0000","1,0000"
27102022,220,A,USD,"5,2997","5,3003","1,0000","1,0000"
28102022,220,A,USD,"5,3449","5,3454","1,0000","1,0000"
31102022,220,A,USD,"5,2564","5,2570","1,0000","1,0000"
1112022,220,A,USD,"5,1494","5,1500","1,0000","1,0000"
3112022,220,A,USD,"5,1343","5,1349","1,0000","1,0000"
4112022,220,A,USD,"5,0354","5,0360","1,0000","1,0000"
7112022,220,A,USD,"5,0880","5,0886","1,0000","1,0000"
8112022,220,A,USD,"5,1738","5,1744","1,0000","1,0000"
9112022,220,A,USD,"5,1623","5,1629","1,0000","1,0000"
10112022,220,A,USD,"5,3058","5,3064","1,0000","1,0000"
11112022,220,A,USD,"5,3045","5,3051","1,0000","1,0000"
14112022,220,A,USD,"5,3007","5,3013","1,0000","1,0000"
16112022,220,A,USD,"5,3198","5,3204","1,0000","1,0000"
17112022,220,A,USD,"5,4649","5,4655","1,0000","1,0000"
18112022,220,A,USD,"5,3471","5,3477","1,0000","1,0000"
21112022,220,A,USD,"5,3253","5,3259","1,0000","1,0000"
22112022,220,A,USD,"5,3333","5,3339","1,0000","1,0000"
23112022,220,A,USD,"5,3924","5,3930","1,0000","1,0000"
24112022,220,A,USD,"5,3143","5,3149","1,0000","1,0000"
25112022,220,A,USD,"5,3502","5,3508","1,0000","1,0000"
28112022,220,A,USD,"5,3791","5,3796","1,0000","1,0000"
29112022,220,A,USD,"5,3070","5,3076","1,0000","1,0000"
30112022,220,A,USD,"5,2935","5,2941","1,0000","1,0000"
1122022,220,A,USD,"5,1942","5,1948","1,0000","1,0000"
2122022,220,A,USD,"5,1968","5,1974","1,0000","1,0000"
5122022,220,A,USD,"5,2457","5,2464","1,0000","1,0000"
6122022,220,A,USD,"5,2390","5,2396","1,0000","1,0000"
7122022,220,A,USD,"5,2202","5,2208","1,0000","1,0000"
8122022,220,A,USD,"5,2085","5,2091","1,0000","1,0000"
9122022,220,A,USD,"5,2390","5,2396","1,0000","1,0000"
12122022,220,A,USD,"5,3060","5,3066","1,0000","1,0000"
13122022,220,A,USD,"5,2663","5,2669","1,0000","1,0000"
14122022,220,A,USD,"5,3400","5,3406","1,0000","1,0000"
15122022,220,A,USD,"5,3177","5,3183","1,0000","1,0000"
16122022,220,A,USD,"5,2801","5,2806","1,0000","1,0000"
19122022,220,A,USD,"5,3154","5,3160","1,0000","1,0000"
20122022,220,A,USD,"5,2421","5,2427","1,0000","1,0000"
21122022,220,A,USD,"5,2025","5,2031","1,0000","1,0000"
22122022,220,A,USD,"5,1865","5,1871","1,0000","1,0000"
23122022,220,A,USD,"5,1439","5,1445","1,0000","1,0000"
26122022,220,A,USD,"5,1866","5,1872","1,0000","1,0000"
27122022,220,A,USD,"5,2826","5,2832","1,0000","1,0000"
28122022,220,A,USD,"5,2730","5,2736","1,0000","1,0000"
29122022,220,A,USD,"5,2171","5,2177","1,0000","1,0000"
30122022,220,A,USD,"5,2171","5,2177","1,0000","1,0000"
3072023,220,A,USD,"4,7870","4,7876","1,0000","1,0000"
4072023,220,A,USD,"4,8050","4,8056","1,0000","1,0000"
5072023,220,A,USD,"4,8571","4,8577","1,0000","1,0000"
6072023,220,A,USD,"4,8971","4,8977","1,0000","1,0000"
7072023,220,A,USD,"4,8793","4,8799","1,0000","1,0000"
10072023,220,A,USD,"4,8729","4,8735","1,0000","1,0000"
11072023,220,A,USD,"4,8943","4,8949","1,0000","1,0000"
12072023,220,A,USD,"4,8052","4,8058","1,0000","1,0000"
13072023,220,A,USD,"4,8032","4,8038","1,0000","1,0000"
14072023,220,A,USD,"4,7951","4,7957","1,0000","1,0000"
17072023,220,A,USD,"4,8296","4,8302","1,0000","1,0000"
18072023,220,A,USD,"4,8034","4,8040","1,0000","1,0000"
19072023,220,A,USD,"4,7994","4,8000","1,0000","1,0000"
20072023,220,A,USD,"4,7882","4,7888","1,0000","1,0000"
21072023,220,A,USD,"4,7726","4,7732","1,0000","1,0000"
24072023,220,A,USD,"4,7451","4,7457","1,0000","1,0000"
25072023,220,A,USD,"4,7490","4,7496","1,0000","1,0000"
26072023,220,A,USD,"4,7362","4,7368","1,0000","1,0000"
27072023,220,A,USD,"4,7196","4,7202","1,0000","1,0000"
28072023,220,A,USD,"4,7247","4,7253","1,0000","1,0000"
31072023,220,A,USD,"4,7409","4,7415","1,0000","1,0000"
1082023,220,A,USD,"4,7746","4,7752","1,0000","1,0000"
2082023,220,A,USD,"4,8077","4,8083","1,0000","1,0000"
3082023,220,A,USD,"4,8791","4,8797","1,0000","1,0000"
4082023,220,A,USD,"4,8603","4,8609","1,0000","1,0000"
7082023,220,A,USD,"4,9004","4,9010","1,0000","1,0000"
8082023,220,A,USD,"4,9211","4,9217","1,0000","1,0000"
9082023,220,A,USD,"4,9009","4,9015","1,0000","1,0000"
10082023,220,A,USD,"4,8512","4,8518","1,0000","1,0000"
11082023,220,A,USD,"4,8912","4,8918","1,0000","1,0000"
14082023,220,A,USD,"4,9475","4,9481","1,0000","1,0000"
15082023,220,A,USD,"4,9806","4,9812","1,0000","1,0000"
16082023,220,A,USD,"4,9765","4,9772","1,0000","1,0000"
17082023,220,A,USD,"4,9810","4,9816","1,0000","1,0000"
18082023,220,A,USD,"4,9718","4,9724","1,0000","1,0000"
21082023,220,A,USD,"4,9841","4,9847","1,0000","1,0000"
22082023,220,A,USD,"4,9425","4,9431","1,0000","1,0000"
23082023,220,A,USD,"4,8971","4,8977","1,0000","1,0000"
24082023,220,A,USD,"4,8742","4,8748","1,0000","1,0000"
25082023,220,A,USD,"4,8766","4,8772","1,0000","1,0000"
28082023,220,A,USD,"4,8933","4,8938","1,0000","1,0000"
29082023,220,A,USD,"4,8700","4,8706","1,0000","1,0000"
30082023,220,A,USD,"4,8647","4,8653","1,0000","1,0000"
31082023,220,A,USD,"4,9213","4,9219","1,0000","1,0000"
1092023,220,A,USD,"4,9312","4,9318","1,0000","1,0000"
4092023,220,A,USD,"4,9170","4,9176","1,0000","1,0000"
5092023,220,A,USD,"4,9699","4,9705","1,0000","1,0000"
6092023,220,A,USD,"4,9756","4,9762","1,0000","1,0000"
8092023,220,A,USD,"4,9829","4,9835","1,0000","1,0000"
11092023,220,A,USD,"4,9360","4,9366","1,0000","1,0000"
12092023,220,A,USD,"4,9499","4,9505","1,0000","1,0000"
13092023,220,A,USD,"4,9165","4,9171","1,0000","1,0000"
14092023,220,A,USD,"4,8745","4,8751","1,0000","1,0000"
15092023,220,A,USD,"4,8683","4,8689","1,0000","1,0000"
18092023,220,A,USD,"4,8529","4,8535","1,0000","1,0000"
19092023,220,A,USD,"4,8569","4,8575","1,0000","1,0000"
20092023,220,A,USD,"4,8481","4,8487","1,0000","1,0000"
21092023,220,A,USD,"4,9223","4,9229","1,0000","1,0000"
22092023,220,A,USD,"4,9125","4,9131","1,0000","1,0000"
25092023,220,A,USD,"4,9600","4,9606","1,0000","1,0000"
26092023,220,A,USD,"4,9711","4,9717","1,0000","1,0000"
27092023,220,A,USD,"5,0283","5,0289","1,0000","1,0000"
28092023,220,A,USD,"5,0469","5,0475","1,0000","1,0000"
29092023,220,A,USD,"5,0070","5,0076","1,0000","1,0000"
2102023,220,A,USD,"5,0673","5,0679","1,0000","1,0000"
3102023,220,A,USD,"5,1094","5,1100","1,0000","1,0000"
4102023,220,A,USD,"5,1520","5,1526","1,0000","1,0000"
5102023,220,A,USD,"5,1707","5,1713","1,0000","1,0000"
6102023,220,A,USD,"5,1912","5,1918","1,0000","1,0000"
9102023,220,A,USD,"5,1660","5,1666","1,0000","1,0000"
10102023,220,A,USD,"5,0856","5,0862","1,0000","1,0000"
11102023,220,A,USD,"5,0490","5,0496","1,0000","1,0000"
13102023,220,A,USD,"5,0619","5,0625","1,0000","1,0000"
16102023,220,A,USD,"5,0612","5,0618","1,0000","1,0000"
17102023,220,A,USD,"5,0378","5,0384","1,0000","1,0000"
18102023,220,A,USD,"5,0562","5,0568","1,0000","1,0000"
19102023,220,A,USD,"5,0534","5,0540","1,0000","1,0000"
20102023,220,A,USD,"5,0522","5,0528","1,0000","1,0000"
23102023,220,A,USD,"5,0158","5,0164","1,0000","1,0000"
24102023,220,A,USD,"5,0059","5,0065","1,0000","1,0000"
25102023,220,A,USD,"4,9975","4,9981","1,0000","1,0000"
26102023,220,A,USD,"5,0049","5,0055","1,0000","1,0000"
27102023,220,A,USD,"4,9474","4,9480","1,0000","1,0000"
30102023,220,A,USD,"5,0068","5,0074","1,0000","1,0000"
31102023,220,A,USD,"5,0569","5,0575","1,0000","1,0000"
1112023,220,A,USD,"5,0188","5,0194","1,0000","1,0000"
3112023,220,A,USD,"4,8904","4,8910","1,0000","1,0000"
6112023,220,A,USD,"4,8993","4,8999","1,0000","1,0000"
7112023,220,A,USD,"4,8664","4,8670","1,0000","1,0000"
8112023,220,A,USD,"4,8849","4,8855","1,0000","1,0000"
9112023,220,A,USD,"4,9001","4,9007","1,0000","1,0000"
10112023,220,A,USD,"4,9213","4,9219","1,0000","1,0000"
13112023,220,A,USD,"4,9240","4,9247","1,0000","1,0000"
14112023,220,A,USD,"4,8676","4,8682","1,0000","1,0000"
16112023,220,A,USD,"4,8569","4,8575","1,0000","1,0000"
17112023,220,A,USD,"4,8843","4,8849","1,0000","1,0000"
20112023,220,A,USD,"4,8717","4,8723","1,0000","1,0000"
21112023,220,A,USD,"4,8800","4,8806","1,0000","1,0000"
22112023,220,A,USD,"4,8962","4,8968","1,0000","1,0000"
23112023,220,A,USD,"4,8925","4,8931","1,0000","1,0000"
24112023,220,A,USD,"4,8921","4,8927","1,0000","1,0000"
27112023,220,A,USD,"4,8945","4,8951","1,0000","1,0000"
28112023,220,A,USD,"4,8861","4,8867","1,0000","1,0000"
29112023,220,A,USD,"4,8927","4,8933","1,0000","1,0000"
30112023,220,A,USD,"4,9349","4,9355","1,0000","1,0000"
1122023,220,A,USD,"4,9185","4,9191","1,0000","1,0000"
4122023,220,A,USD,"4,9085","4,9091","1,0000","1,0000"
5122023,220,A,USD,"4,9516","4,9522","1,0000","1,0000"
6122023,220,A,USD,"4,9025","4,9031","1,0000","1,0000"
7122023,220,A,USD,"4,8943","4,8949","1,0000","1,0000"
8122023,220,A,USD,"4,9152","4,9158","1,0000","1,0000"
11122023,220,A,USD,"4,9434","4,9440","1,0000","1,0000"
12122023,220,A,USD,"4,9470","4,9476","1,0000","1,0000"
13122023,220,A,USD,"4,9573","4,9580","1,0000","1,0000"
14122023,220,A,USD,"4,8906","4,8912","1,0000","1,0000"
15122023,220,A,USD,"4,9391","4,9397","1,0000","1,0000"
18122023,220,A,USD,"4,9393","4,9399","1,0000","1,0000"
19122023,220,A,USD,"4,8657","4,8663","1,0000","1,0000"
20122023,220,A,USD,"4,8760","4,8766","1,0000","1,0000"
21122023,220,A,USD,"4,8749","4,8755","1,0000","1,0000"
22122023,220,A,USD,"4,8613","4,8619","1,0000","1,0000"
26122023,220,A,USD,"4,8362","4,8368","1,0000","1,0000"
27122023,220,A,USD,"4,8300","4,8306","1,0000","1,0000"
28122023,220,A,USD,"4,8407","4,8413","1,0000","1,0000"
29122023,220,A,USD,"4,8407","4,8413","1,0000","1,0000"
1072024,220,A,USD,"5,5887","5,5893","1,0000","1,0000"
2072024,220,A,USD,"5,6671","5,6677","1,0000","1,0000"
3072024,220,A,USD,"5,5857","5,5863","1,0000","1,0000"
4072024,220,A,USD,"5,4833","5,4839","1,0000","1,0000"
5072024,220,A,USD,"5,4964","5,4970","1,0000","1,0000"
8072024,220,A,USD,"5,4714","5,4720","1,0000","1,0000"
9072024,220,A,USD,"5,4381","5,4387","1,0000","1,0000"
10072024,220,A,USD,"5,3961","5,3967","1,0000","1,0000"
11072024,220,A,USD,"5,4094","5,4100","1,0000","1,0000"
12072024,220,A,USD,"5,4523","5,4529","1,0000","1,0000"
15072024,220,A,USD,"5,4557","5,4563","1,0000","1,0000"
16072024,220,A,USD,"5,4268","5,4274","1,0000","1,0000"
17072024,220,A,USD,"5,4664","5,4670","1,0000","1,0000"
18072024,220,A,USD,"5,5420","5,5426","1,0000","1,0000"
19072024,220,A,USD,"5,5537","5,5543","1,0000","1,0000"
22072024,220,A,USD,"5,5592","5,5598","1,0000","1,0000"
23072024,220,A,USD,"5,5801","5,5807","1,0000","1,0000"
24072024,220,A,USD,"5,6340","5,6346","1,0000","1,0000"
25072024,220,A,USD,"5,6396","5,6402","1,0000","1,0000"
26072024,220,A,USD,"5,6459","5,6465","1,0000","1,0000"
29072024,220,A,USD,"5,6473","5,6479","1,0000","1,0000"
30072024,220,A,USD,"5,6526","5,6532","1,0000","1,0000"
31072024,220,A,USD,"5,6615","5,6621","1,0000","1,0000"
1082024,220,A,USD,"5,6675","5,6681","1,0000","1,0000"
2082024,220,A,USD,"5,7360","5,7366","1,0000","1,0000"
5082024,220,A,USD,"5,7640","5,7646","1,0000","1,0000"
6082024,220,A,USD,"5,6522","5,6528","1,0000","1,0000"
7082024,220,A,USD,"5,6087","5,6093","1,0000","1,0000"
8082024,220,A,USD,"5,6166","5,6172","1,0000","1,0000"
9082024,220,A,USD,"5,5109","5,5115","1,0000","1,0000"
12082024,220,A,USD,"5,4905","5,4911","1,0000","1,0000"
13082024,220,A,USD,"5,4869","5,4875","1,0000","1,0000"
14082024,220,A,USD,"5,4496","5,4502","1,0000","1,0000"
15082024,220,A,USD,"5,4645","5,4651","1,0000","1,0000"
16082024,220,A,USD,"5,4626","5,4632","1,0000","1,0000"
19082024,220,A,USD,"5,4231","5,4237","1,0000","1,0000"
20082024,220,A,USD,"5,4541","5,4547","1,0000","1,0000"
21082024,220,A,USD,"5,4701","5,4707","1,0000","1,0000"
22082024,220,A,USD,"5,5518","5,5524","1,0000","1,0000"
23082024,220,A,USD,"5,5257","5,5263","1,0000","1,0000"
